Age,BMI,Blood Sugar,Risk Score
0.3345477728827425,1.0047917189987856,1.2605843948560973,83.34
1.0486891599887607,0.021412552546293567,-2.2219633323250823,43.33
-0.21479175566034833,0.8239859906776169,-1.7975140605884778,20.0
-0.9838670956206754,1.0133689053605253,-0.5656293768736682,50.0
0.5542835842999788,-0.9661758270425136,0.9804044654912969,66.67
-1.3684047656008391,1.3220545526280745,-0.041740553939185764,50.0
1.5430947356775424,0.8559240810795017,-0.352382345504241,68.33
-0.654263378494821,-0.6190785520678835,1.3618523415897479,33.34
0.3345477728827425,0.26879448516761234,2.1866735399545383,68.34
1.378292877114615,0.22261800334618437,0.6750543386300172,76.67
-0.7641312842034391,-0.005398055559281068,-0.6450665465414122,35.0
-0.5443954727862028,0.8234648430754218,-0.4364020216813542,45.0
-1.2036029070379117,1.37615827310823,-1.3235122729762483,25.0
-1.2036029070379117,-0.021648646947071117,0.09257975695398528,35.0
-0.48946151993189374,1.2720839421829078,-1.6712455296693027,35.0
1.1036231128430696,0.9371315296751818,0.5523358630866199,76.67
0.16974591431981526,0.19826834112310607,2.034117949981286,68.34
0.3894817257370516,0.14341832342406705,0.7212640563714817,68.34
-0.48946151993189374,-1.155369007105859,-0.48839162761683774,35.0
-1.6430745298723846,-1.495721168370737,0.5269282852505532,33.34
-0.599329425640512,0.1325117793545138,1.6416420701191654,43.34
1.1036231128430696,-0.8654207530022232,1.5906369919003087,66.67
-1.6980084827266935,-0.06753275872093477,-1.033325323265365,0.0
-0.48946151993189374,-0.5513980979143506,0.5099659177622826,43.34
0.609217537154288,-1.7769619349315442,-0.17133897733607675,58.33
-0.15985780280603923,0.32045818715021973,0.8119843803109188,53.34
0.27961382002843344,-0.43397572840899107,0.38083719632629603,58.34
-1.6980084827266935,0.04960020460054868,-2.425666112510856,10.0
1.4881607828232333,-0.9017735631260655,-0.36491783819724105,58.33
-0.654263378494821,-0.35605847778498473,0.19220811206740215,33.34
0.004944055756888005,1.496408293878465,-1.4722475840895648,50.0
-1.1486689541836028,0.09686230327477863,0.5820572764799036,43.34
1.378292877114615,0.5083948783755641,-1.5636290393119676,43.33
-0.599329425640512,-1.2710080120128395,-0.8240416947093555,0.0
1.5430947356775424,2.306380581756682,1.3570286715614992,91.67
0.609217537154288,1.77306041163554,-0.9110283594781704,58.33
-0.43452756707758466,1.3039041132975977,0.5748659901232495,68.34
0.8838873014258333,0.7812896810004105,-1.797620376350903,43.33
-0.3246596613689665,-0.013988438488087479,2.1113211409072634,53.34
1.4332268299689241,0.4033163825603365,-0.3206191720399932,68.33
0.49934963144566974,0.995599978839744,0.08697699993054249,75.0
-0.2697257085146574,-0.6431878020375003,0.17230957690248644,43.34
1.4881607828232333,-0.46326700897204626,0.6091147221084472,66.67
-0.9289331427663664,-1.6602890673307005,-1.5587004098990156,0.0
-0.9838670956206754,-0.7832073198012136,-0.015624007896451733,25.0
1.5980286885318513,1.5950544255047086,-0.6816743883538315,83.33
1.5980286885318513,-0.35550117673352716,-1.732367701890354,33.33
0.7740193957172151,-0.33947076360703604,0.9959994147616783,66.67
1.5980286885318513,0.2818121215606715,-0.3691580646877036,68.33
0.9937552071344515,-1.6046670416502584,0.237019098814933,66.67
0.609217537154288,0.8952760835438844,0.1731338138811975,76.67
1.2134910185516878,1.2090631619551804,-0.35150288399013024,83.33
1.0486891599887607,0.33999916148896586,2.0029813898148627,76.67
1.3233589242603059,1.5853280387107729,-0.05836183871145897,83.33
-1.6430745298723846,-1.3257062538424482,-1.5982214530129701,0.0
0.22467986717412433,1.7733556410473301,-0.4182973632269401,75.0
0.9937552071344515,-0.7430558149609815,0.4992032544665658,66.67
-1.423338718455148,-1.2798519367069126,0.5326952342497078,33.34
-0.654263378494821,-0.26082981903118285,-1.1189708836650138,0.0
-1.31347081274653,1.8010076777328694,0.9372466777450982,58.34
0.3345477728827425,-0.04779406747675886,-1.8070930427260932,25.0
-0.8190652370577483,-0.9403549930897673,1.15604439761617,33.34
-1.5881405770180754,-1.2945359633374638,-1.3550094828606163,0.0
-0.43452756707758466,-0.1315387043700013,-0.24079858741170435,35.0
1.4881607828232333,-1.9787718770825304,1.074941413391982,66.67
-1.0388010484749846,-1.2996679515281493,0.11173081172400441,25.0
0.9388212542801424,1.4794861456586428,0.8222847866864287,91.67
1.378292877114615,1.2646381720016615,0.6204240679683336,91.67
-1.31347081274653,-0.15430714932160264,1.3009224582368235,33.34
-0.3795936142232756,-0.48395581004811994,1.0725370364367393,43.34
1.1036231128430696,0.028399429955468954,-0.4726907702628292,68.33
-1.6980084827266935,2.266266851167536,0.6349794879504831,58.34
-0.7091973313491301,0.3670543267225001,-1.5662146423721566,10.0
-0.2697257085146574,0.8604362152541017,-0.06920756075646506,45.0
0.7740193957172151,-0.22668304302200434,0.8241054961347022,66.67
1.4881607828232333,0.030733299687680654,0.12624781519804748,68.33
-1.423338718455148,0.6037809711549105,0.4450800255927933,43.34
0.609217537154288,0.09446150982672386,-0.22757523387106404,68.33
1.5430947356775424,-1.883387507216349,1.1406877069222812,66.67
-1.3684047656008391,1.2228783940473886,-0.09215312045749473,50.0
0.7740193957172151,-0.6300546725704701,-0.4846226889750093,58.33
0.11481196146550617,2.0349239224282,0.89345191076547,83.34
-1.0388010484749846,0.6425719993888759,-1.442478578852256,10.0
-0.8739991899120573,0.04058193107495555,0.5005239987800255,43.34
0.16974591431981526,0.40063143904961523,-1.0728001385878356,35.0
0.9388212542801424,-0.13484189393103024,1.2924195910682426,66.67
0.3894817257370516,-0.5042555532357771,-0.2762522758647987,50.0
-1.5881405770180754,0.17412730251841063,0.12740683895663496,35.0
-1.6980084827266935,0.8362464888424284,0.410352798998715,43.34
1.5980286885318513,-0.48284637855456736,-1.9771320223185642,33.33
-1.4782726713094572,-0.6369979988752066,-0.6733323683036515,25.0
1.1585570656973787,-0.37626379774510815,1.0535126870491809,66.67
0.49934963144566974,0.9017560155309494,0.8743374066663576,68.34
-1.5881405770180754,1.3910096181385165,0.2783131763626456,58.34
1.1585570656973787,0.3250613759811522,-1.3857067103455212,43.33
-0.21479175566034833,0.539417082096693,0.5866252659833778,53.34
-0.8190652370577483,-0.6442934089324142,0.7169911178820288,33.34
-0.3795936142232756,0.8281963628468663,0.03774064547019556,45.0
0.609217537154288,0.5105068277096391,1.2366063557288252,76.67
0.05987800861119709,-0.7229071366739994,-0.7068136038570075,25.0
-1.2585368598922209,-1.7761556405728829,-0.5298876076386452,25.0
1.5980286885318513,-1.2218404513260772,-2.542774854670219,33.33
0.16974591431981526,-0.6829046394741922,0.9274052389063493,58.34
-1.0388010484749846,1.1069490770187582,0.30973826870743215,58.34
-0.10492384995173015,1.4890574886792765,-1.724481398466579,35.0
0.8289533485715243,-0.45839844282700626,-1.8027426985310002,33.33
-0.9838670956206754,-0.4275084555558153,-0.8996659420872645,0.0
-1.3684047656008391,0.22693401152347578,0.7987992887355891,43.34
-1.0388010484749846,-0.01691764015024596,-0.3163450503238165,35.0
-0.5443954727862028,0.8811542245663816,-0.8305121437046957,20.0
1.4881607828232333,-0.5401821661320877,-1.0357288586852347,33.33
1.3233589242603059,0.8989525760494105,-1.0813899523553212,43.33
1.5980286885318513,-0.26262133111156377,-1.9812028470595668,33.33
0.3894817257370516,0.8059300384526624,-1.2408955888658828,35.0
-0.654263378494821,-0.293719654437129,-1.1014358344432127,0.0
-0.9289331427663664,-0.6280616504957902,0.6856204611215735,33.34
0.664151490008597,1.8404107318322978,-0.17910771567343126,83.33
-0.8190652370577483,1.0124193471489444,-0.8517116858731693,25.0
0.7740193957172151,-1.7804305206577566,2.34413988618089,66.67
1.1036231128430696,-0.4654904878368518,-0.6869015014302748,58.33
-0.48946151993189374,1.1489654936784788,1.1794556245703127,68.34
-0.3795936142232756,-1.198469901770236,1.642228288382896,43.34
-0.43452756707758466,0.724511722901205,-1.6104613523937494,20.0
1.4881607828232333,0.6232258453817631,0.06520672904568425,68.33
1.4881607828232333,-0.7121733516996516,-0.5377119089229242,58.33
1.4881607828232333,-0.03740853459718621,-0.6206743406060347,58.33
0.664151490008597,-2.0716848425257806,0.555916865059126,66.67
0.44441567859136066,1.7017236851347266,-0.6450828487005,75.0
-0.21479175566034833,-0.33091374984811694,-0.5157308836838154,35.0
-0.9838670956206754,0.7568993631506206,-0.18154574553354297,35.0
0.664151490008597,0.5712109054323521,-0.3907942370388565,68.33
-1.7529424355810026,1.298474651162647,-1.206416778647253,25.0
-0.43452756707758466,-0.45232409057096146,0.8010912722007402,43.34
-1.423338718455148,0.1704368949256209,1.058593979066853,43.34
-1.31347081274653,0.5177128005934413,0.34006950645805495,43.34
-0.48946151993189374,0.8240782952692944,-0.394008512694171,45.0
-1.7529424355810026,1.0995370695209572,-0.7290131097315996,25.0
0.609217537154288,-0.4954085895517515,-0.7273917198242015,33.33
-1.3684047656008391,-0.6780415312989659,2.3927137050034974,33.34
-0.48946151993189374,1.3006549369345255,0.9457638255085785,68.34
-1.2036029070379117,-2.0199366968038746,-0.8665174092226116,0.0
0.9937552071344515,1.5058428085313145,0.15769371688265937,83.33
-0.8739991899120573,-0.32429808542256616,-0.37972020112158467,25.0
-1.3684047656008391,-0.03325023628325958,0.584889294072396,33.34
0.11481196146550617,-0.6957482504619519,0.5438097878988082,58.34
0.11481196146550617,-0.07589911649977919,1.094350077704922,58.34
0.004944055756888005,1.2136878553453647,-0.8771655128453862,50.0
1.4332268299689241,0.724692328828048,0.09657328901044684,68.33
-1.5332066241637663,0.45278770084839415,-1.7924965752883406,10.0
0.49934963144566974,0.05807892071852111,-1.291804504199776,35.0
0.3345477728827425,-1.4418063929453802,0.8909886697603351,58.34
1.378292877114615,-0.8538946205313589,-0.9792263421922742,33.33
0.44441567859136066,-0.3642534349796777,-0.8673315522615869,25.0
-0.2697257085146574,0.41856703524470595,-0.018622415088304804,45.0
-1.423338718455148,0.039291936105000605,0.6979926409039078,43.34
-1.31347081274653,0.9325391572048177,-1.091496249627008,10.0
-1.3684047656008391,0.43415832620562494,-3.558209049403816,10.0
-1.1486689541836028,0.024334862452023428,-0.897212069341984,10.0
0.05987800861119709,2.1956599018591656,1.2187247235952934,83.34
0.004944055756888005,0.3682772929935162,0.33957663062833554,68.34
0.8289533485715243,-0.4509935760862118,1.3392548383559744,66.67
1.2134910185516878,1.789240437197507,-1.163856427008498,58.33
-0.5443954727862028,1.1445558372995996,-1.6812381164281804,35.0
1.5980286885318513,1.7463505564130286,0.4612960520665127,91.67
-0.48946151993189374,-0.13722106104983245,0.23447317959044373,43.34
0.22467986717412433,0.9255062055346432,0.30127020188943393,68.34
0.11481196146550617,-1.4488826523641085,0.940828672330603,58.34
0.609217537154288,0.7375392988447008,0.419643331230082,76.67
0.3894817257370516,-0.1829580737830156,0.4032657342339069,58.34
-0.599329425640512,-1.3532960332698687,0.7186295814343263,33.34
-0.3246596613689665,0.9805282954777699,0.5019339992762557,68.34
0.11481196146550617,-1.7981089592110606,0.8638190486410668,58.34
-1.7529424355810026,-1.8983714100004045,1.0178112549337461,33.34
0.11481196146550617,0.3255134938971632,1.5510818025719135,68.34
0.22467986717412433,0.5296751737560421,-0.6719119423177031,60.0
0.7740193957172151,0.9198513391547427,0.47965745537418863,76.67
-1.0388010484749846,0.6964438480293567,-0.38765894047337396,35.0
-1.6430745298723846,1.4145744295789464,-0.8598398138717392,25.0
-1.7529424355810026,0.6556644383507175,-0.7130400928465059,10.0
-1.5332066241637663,-0.15810680064751023,0.4943288077099878,33.34
-0.3795936142232756,-0.10074170588666848,0.416144681759918,43.34
1.2134910185516878,-0.3046482916427899,0.39795964892737595,66.67
-1.0388010484749846,0.26002517039532613,-0.24025675112714429,35.0
0.3345477728827425,-1.1013945265333207,-0.006703796479769529,50.0
-0.3246596613689665,0.3044452130226488,0.8233593214272876,53.34
-1.31347081274653,-0.11325544410858805,-1.5283382898248465,0.0
-0.9838670956206754,0.24063018552398854,0.014933458861336681,35.0
-0.9838670956206754,0.24364844089218068,0.08150874752206494,35.0
-0.3795936142232756,-2.425764191622399,0.7576663711714232,43.34
0.49934963144566974,-0.909762820960901,-1.3865067064295709,25.0
1.4881607828232333,-0.13496972088811182,1.513820854919053,66.67
-1.0937350013292937,-0.08302423505261923,0.20757122079907891,33.34
0.9937552071344515,0.2247506283738296,0.26154382992065084,76.67
-0.04998989709742108,0.2667410225901132,-0.4193150398017935,45.0
0.3345477728827425,1.4532568447031278,0.5382272818345322,83.34
0.8838873014258333,0.2766232610118886,0.03869557330885631,68.33
1.0486891599887607,-0.33475631295027003,1.2221433541707827,66.67
1.5430947356775424,-1.591858656416386,-1.4795145341006508,33.33
-0.04998989709742108,-1.366523086528225,0.16875119835965074,43.34
-1.5881405770180754,0.49462790433803555,0.40621638828765283,43.34
-0.15985780280603923,1.0077468584194005,-0.20015580346607384,60.0
0.22467986717412433,1.4778277448398018,-0.42266456095141913,75.0
-0.5443954727862028,-0.8380170322512125,-0.3801506088725915,35.0
0.3345477728827425,-0.3258035523615981,0.16782713181095693,58.34
0.664151490008597,0.20807955499949657,-1.8550943785993166,43.33
-0.9838670956206754,1.9724463638876752,0.9734652765620602,58.34
0.5542835842999788,0.08348142641278289,-0.49958788315365527,68.33
-0.21479175566034833,1.487496573017194,0.12008612791889207,60.0
0.16974591431981526,0.13735027518085863,0.36400666238618873,68.34
-1.0937350013292937,1.0984529253568827,-0.5461433756810739,50.0
-0.04998989709742108,0.9746434822546299,-0.14375329591163932,60.0
-1.423338718455148,0.13355309388273012,-2.0847259859798015,10.0
1.4332268299689241,-1.0261671652622744,0.7360767028506543,66.67
0.9937552071344515,-0.291817506679426,1.090741052763957,66.67
-0.599329425640512,1.4266817011312969,-1.7440248675216066,25.0
-0.2697257085146574,0.8292427446185917,-0.42452689543148303,45.0
-1.6980084827266935,-0.4526631885109302,-1.2638031081311638,0.0
0.49934963144566974,-0.3633809621924095,-0.19135704200365267,50.0
0.664151490008597,-1.72063775642272,0.6509772594792711,66.67
1.5980286885318513,1.3829833046173963,0.996189719120251,91.67
1.3233589242603059,0.8372953870984288,1.13333211033813,76.67
1.1036231128430696,-0.16277744068357264,1.3256664330208177,66.67
-1.4782726713094572,0.16683174608419968,-0.23689214098436778,35.0
-0.2697257085146574,-2.150710057383824,-1.1792913207433657,10.0
-0.2697257085146574,-0.504530931119336,-0.1269875700695364,35.0
0.609217537154288,1.2755678912619361,0.6353116491045733,91.67
0.609217537154288,0.9306263500571252,-1.261143118501564,43.33
-0.7091973313491301,0.2944540367282917,1.682010337100908,43.34
-0.15985780280603923,-0.04317669359189774,0.9050426176972949,43.34
1.5980286885318513,0.7496587595585127,-0.2207405462471971,68.33
-1.2036029070379117,-0.3038310601814824,-0.7347836236084625,0.0
1.378292877114615,-1.6559499933072028,-0.6922265496446179,33.33
1.2134910185516878,-0.03484965341405128,0.0654546760163439,58.33
-0.2697257085146574,0.3652399959755549,-0.2440169414052867,45.0
-0.43452756707758466,1.068574622755832,0.9586728346079642,68.34
0.3345477728827425,-1.4374917072781908,-0.35978330884907467,50.0
1.5980286885318513,-0.14893033561546237,0.5050787536610717,66.67
0.004944055756888005,-0.10239608352990763,-0.03966792240329967,50.0
-1.7529424355810026,-1.1052124942353938,0.26469228672379097,33.34
1.3233589242603059,0.44788752373730595,-0.24468340003085046,68.33
-0.3246596613689665,0.7017269973735771,0.7111973077945475,53.34
1.5980286885318513,-0.3129284141474414,0.7263081142816811,66.67
1.3233589242603059,1.9799665834254132,0.45862594118897365,91.67
1.0486891599887607,-0.3409497490596244,0.6090611704137728,66.67
-1.0937350013292937,-0.4654024768753355,-0.9727893830277438,0.0
0.44441567859136066,-0.4937367705818882,0.31930327285680205,58.34
-1.6430745298723846,-0.8259024716617845,1.2631398375285063,33.34
0.3345477728827425,-0.5752115474673997,0.49070928697213956,58.34
-1.4782726713094572,-1.430545053597098,-1.0608055347765848,0.0
-1.3684047656008391,-0.21600465805988556,-0.060912007535304166,25.0
-0.3246596613689665,0.027387864329355034,0.3720344161293784,53.34
-1.31347081274653,-2.260122906924007,-0.7822096753596011,0.0
1.5980286885318513,-0.12844116270547976,-1.3946844142136465,33.33
0.22467986717412433,0.012393809025386641,-0.332386325428731,60.0
0.004944055756888005,0.4741963765228708,-0.7653226492997367,35.0
0.9937552071344515,1.1486841345511556,-0.024749445774565167,83.33
0.49934963144566974,0.8033686746406042,-1.632319759953143,35.0
0.609217537154288,-0.6351667966155334,0.5654211654942788,66.67
-0.48946151993189374,-0.7485987263525471,-0.6570439859471637,35.0
-0.9838670956206754,0.5376481532685043,1.0047961005788921,43.34
1.4332268299689241,-0.5637307174264057,-0.2924303487438292,58.33
1.1585570656973787,-1.2291556279141516,-0.03606380625003787,58.33
-0.04998989709742108,2.2918221844746895,-0.18656073533608586,60.0
-0.04998989709742108,-0.3325087144221682,-0.7116328013608543,10.0
-0.48946151993189374,-0.6411883581693095,2.5098356244390265,43.34
0.44441567859136066,-2.1714948454170937,-0.5156260289385417,50.0
1.0486891599887607,0.8034154240560659,1.033101621757486,76.67
0.8838873014258333,-0.994451348532192,-1.124931821763459,33.33
1.5980286885318513,-0.0008150266068284395,0.3691329009806323,76.67
0.8838873014258333,0.9179935293107908,0.4779348784485694,76.67
1.378292877114615,-0.9791372977337441,-0.034828331448077975,58.33
1.0486891599887607,0.04890009325713372,-0.5922155241823683,68.33
-1.1486689541836028,1.4606406115465937,-0.2785912357777164,50.0
1.5980286885318513,-2.430145582187795,-0.42126166233283,58.33
0.3345477728827425,-0.821021826575784,2.4382258285596947,58.34
-1.6980084827266935,-0.9129376526422205,-0.033224051429877006,25.0
-1.6430745298723846,-0.2114812965159672,0.5248400913872209,33.34
0.8838873014258333,-0.07550363095262928,1.8058444558774733,66.67
0.22467986717412433,-1.066124852036666,-0.9034252001471011,25.0
0.8838873014258333,-0.668409612364124,0.02820297869820809,58.33
1.268424971405997,-0.7845815141303929,-0.2845687053227902,58.33
-0.8739991899120573,-0.37167035828892686,-0.09798629918473309,25.0
1.4332268299689241,0.18451222604547562,-0.19265324359102742,68.33
0.8838873014258333,0.8612435402028209,-0.7561943963063489,43.33
-1.6980084827266935,1.0027463861178514,0.1889992435947737,58.34
-1.6980084827266935,0.6101066226986153,-1.0933371053953072,10.0
-0.2697257085146574,-0.8830590932920291,0.9977939485797236,43.34
1.1585570656973787,-0.03201189234344562,0.6251616665925527,66.67
-0.5443954727862028,2.2920056134338664,-0.5131762574744231,60.0
0.22467986717412433,0.9628679530339185,-0.4637606051299535,75.0
-0.04998989709742108,-0.45936287968319994,0.2706462875482435,43.34
0.004944055756888005,1.517578016395976,-0.8241500149773437,50.0
-1.7529424355810026,-0.40810975984386266,1.8367856567500926,33.34
-0.7641312842034391,-0.6821219341607746,0.354652921874153,33.34
1.5980286885318513,1.335472377123125,0.3906727235417959,91.67
-1.6980084827266935,-1.3089111873932815,0.6844195543825478,33.34
1.1036231128430696,-1.8994183241677762,-0.6008374164929023,58.33
0.609217537154288,0.8912713482398389,1.0998546879547593,76.67
-0.3795936142232756,-0.0017236944325642997,0.1065605609724885,45.0
-0.04998989709742108,0.09570351144550418,0.9583086510297391,53.34
-1.4782726713094572,-0.3820641991301651,-0.21196016398312695,25.0
-0.04998989709742108,-0.2619063920351714,1.3325308789061003,43.34
1.2134910185516878,-0.4765712796541192,0.39890923621875823,66.67
-1.5881405770180754,-0.640669083772049,2.2144675711445827,33.34
1.2134910185516878,-0.4020896573582847,-0.38684170656878536,58.33
-1.2036029070379117,-0.43291952514400517,0.1983148343750791,33.34
1.268424971405997,-0.838692151464675,-1.06168086151745,33.33
1.4332268299689241,-0.5616676685093236,-0.5497036741712559,58.33
-0.8739991899120573,-2.4751206136214408,0.6204491309125361,33.34
0.27961382002843344,0.6404154334128459,1.1409476310730118,68.34
-0.48946151993189374,0.352664026178779,3.012081333419511,53.34
-1.5332066241637663,-0.11178469534854708,-0.10867933509044103,25.0
1.0486891599887607,0.20318319733935764,-0.9614185987252565,43.33
0.05987800861119709,0.2386188265386807,0.757688277476126,68.34
-1.4782726713094572,-0.7364681648285321,-1.1597904777941734,0.0
-0.599329425640512,-0.5493626106129794,0.5649893096701012,33.34
-1.2036029070379117,0.4876144817260781,-0.5221389515204852,35.0
0.8289533485715243,0.1740346632892164,0.2054964613646976,76.67
-0.9289331427663664,1.9684598879757007,1.101930126588036,58.34
0.004944055756888005,1.5543048164158353,-0.12305622120249506,75.0
-1.31347081274653,0.8831854274797982,0.9407088439130693,43.34
1.4881607828232333,-0.7733505232523396,0.8798350821083304,66.67
1.4332268299689241,-0.5806183397098972,-1.9105169618927407,33.33
-1.4782726713094572,-1.008244071370127,-0.9291954846824724,0.0
-0.9289331427663664,0.24465943522963948,-1.6021504294264755,10.0
-0.21479175566034833,-2.707945396580223,2.0302069140511723,43.34
-1.6430745298723846,-0.47706916901479474,-0.1176115711067986,25.0
-0.7091973313491301,-0.3285912136225508,1.8050332097244945,33.34
1.4881607828232333,-1.518712959591698,-1.6746696934815053,33.33
1.4332268299689241,0.7509596372593303,-0.5940132868990948,68.33
0.16974591431981526,-1.1422480240923645,0.805771677292993,58.34
-0.7641312842034391,0.2329156437009303,0.1725519769401208,43.34
-0.3795936142232756,2.692221895051098,0.5329651307608815,68.34
-1.6430745298723846,-1.6034728897811756,-1.2882042320237326,0.0
-0.7641312842034391,-0.1739923321645746,1.3932056004201385,33.34
-0.7091973313491301,-0.42706350405970134,0.7818360821779294,33.34
-0.04998989709742108,-0.6171865021558981,0.3991965578650722,43.34
-1.423338718455148,0.7143195886850969,-0.7090341622915769,10.0
1.0486891599887607,1.052594650779902,0.3198683425453969,91.67
0.44441567859136066,0.7254499018247875,-0.3073032483485108,60.0
0.004944055756888005,-0.7358203927520742,-1.6925473063286178,25.0
0.3894817257370516,2.350182333300459,-0.06158102382096224,75.0
0.3345477728827425,-1.759120171983604,-0.16994140918709558,50.0
-0.8190652370577483,-1.0381368830668272,1.072732396405063,33.34
0.3894817257370516,0.13711214947938036,-2.287758548436626,35.0
-1.7529424355810026,0.05858808881627644,0.22955713856943452,43.34
-1.2036029070379117,0.44824996774270254,-1.1880669912546742,10.0
-0.2697257085146574,1.5157168595764972,0.31520317768051087,68.34
1.3233589242603059,-0.14593895033573243,0.37132305698731005,66.67
-0.43452756707758466,0.08237494155814591,-0.09870627036237511,45.0
0.9388212542801424,-0.6099019087784052,0.812697772095481,66.67
-0.5443954727862028,0.5462733146714589,-1.2800067599000844,20.0
-0.10492384995173015,-0.34008812710111036,1.1189264626635103,43.34
-0.15985780280603923,-0.34065359396445444,-0.7319366242666578,10.0
0.49934963144566974,0.5024390681972248,-1.5961281287373488,35.0
0.11481196146550617,0.9827964981950217,-0.2878405273408421,75.0
-1.423338718455148,-2.1871111221671464,-2.1458002933757636,0.0
1.4881607828232333,0.3238537449836794,0.2488975982897084,76.67
-0.9289331427663664,-0.29290138572702845,-0.27444115431332605,25.0
-0.3795936142232756,0.8974609334608631,1.247325393880127,53.34
0.8289533485715243,-0.2732734238398162,0.6512706942554369,66.67
1.3233589242603059,1.2429275931898873,-1.4290607998754261,58.33
1.0486891599887607,-0.6899523628331509,-0.8647615579427443,33.33
1.4881607828232333,-2.2088334127871936,0.5205341593068595,66.67
0.8838873014258333,0.9990927091479318,0.8532519377354524,91.67
-1.6980084827266935,-0.8533160158599093,1.2359233813817847,33.34
-1.7529424355810026,-1.5734126131703468,1.2277774304153617,33.34
0.8289533485715243,-0.013098818847812213,-0.10143581344875194,68.33
1.5980286885318513,-0.2625762393968607,0.35947415146421197,66.67
-1.1486689541836028,0.7757563165586858,1.3136331470710123,43.34
-1.5332066241637663,0.8434995363411304,-0.319349950659295,35.0
0.22467986717412433,0.06467422737127834,0.376874355203225,68.34
-0.04998989709742108,-0.8936564674351026,-0.3433774587596319,35.0
1.4332268299689241,0.25168137252718176,-0.5717716183888542,68.33
1.2134910185516878,0.13267949274223675,0.03913496539745945,68.33
-1.31347081274653,0.5273186945078469,-0.7110046627970101,10.0
0.44441567859136066,-0.8838729152240007,-0.14362849743119444,50.0
0.11481196146550617,-0.42013603465313637,-1.065124721562257,25.0
-0.7641312842034391,0.46910299065639915,-0.20384773833438077,35.0
0.8289533485715243,1.1904135500543749,0.44686439170671577,91.67
-0.9289331427663664,0.9153532831895037,-0.610317270203305,35.0
-1.6430745298723846,0.051414512794749775,-0.0007133080119711748,35.0
-0.7091973313491301,-0.505196115278808,0.13184886392755932,25.0
-0.48946151993189374,0.3659254170480434,0.4510890236685535,53.34
1.1585570656973787,-1.0955733711163234,-0.14634380627396829,58.33
1.268424971405997,-0.8273709641046333,1.0966503431639427,66.67
0.004944055756888005,1.4469405318197337,-2.1516728857748872,50.0
-0.48946151993189374,0.36417960875488226,2.9842974761611,53.34
1.0486891599887607,-0.3684814060472779,-0.898140173757579,33.33
-1.2036029070379117,0.7816539846349169,0.4009951492338927,43.34
0.8838873014258333,1.2291675256165788,-0.9667745677140686,58.33
-1.3684047656008391,-0.46340269318784866,0.6465247331548339,33.34
0.16974591431981526,-0.4465615499147893,0.2717253195723091,58.34
0.27961382002843344,-0.5689756697828631,-0.6734635492561503,50.0
0.3894817257370516,0.9133283038868852,1.0836245794594557,68.34
-0.7091973313491301,0.9228165681003822,-0.1773115138921861,35.0
1.5980286885318513,1.3258653661924402,0.5475983966589804,91.67
0.11481196146550617,0.9570719068599135,-0.9450549951504887,50.0
0.8289533485715243,-1.6242070861673041,-0.04166857527062295,58.33
1.5980286885318513,0.24583919303691504,2.031909330213232,76.67
-0.43452756707758466,-1.063312494238956,0.9713762693081495,43.34
0.11481196146550617,-0.5301400868889437,0.30337654060479574,58.34
-0.43452756707758466,0.13795756751881832,-0.4677741460981236,45.0
-0.21479175566034833,0.787935796636161,0.05861747029761644,45.0
-0.8190652370577483,-0.8995479694362405,0.1911965762514697,33.34
0.7190854428629061,-2.3010949806890744,0.44771871783566314,66.67
-0.8190652370577483,0.14767016645150954,-1.1076357169348052,10.0
-1.6980084827266935,2.5551772465448077,0.6711306832688569,58.34
1.1585570656973787,-0.2270629730623889,-1.12081804025035,33.33
0.11481196146550617,0.017067358068684813,1.6524390206163053,68.34
-0.9289331427663664,1.7131912658688326,-0.796713244485588,25.0
1.5430947356775424,0.5481755369517135,0.2921718367443184,76.67
0.44441567859136066,0.18318123236040906,1.0143677681210648,68.34
0.16974591431981526,0.40335806942152075,-0.2674380851963342,60.0
0.004944055756888005,0.21581145082633105,0.33699264628776426,68.34
-1.5881405770180754,-1.1428469092509368,1.4527109590424199,33.34
0.004944055756888005,-1.3399901604383329,0.5651173349174801,58.34
-1.0388010484749846,1.8154959111362465,0.3522319587978632,58.34
-0.654263378494821,0.15094708821121783,-1.727503724769095,10.0
0.8289533485715243,0.06904832725252354,-0.9619372698108012,43.33
-0.7091973313491301,-0.11698360433254966,1.0569520628433564,33.34
1.268424971405997,0.7346722885119316,0.5707717731602091,76.67
-1.3684047656008391,2.4526614830421356,0.7252135721675927,58.34
-1.423338718455148,0.48334893209759633,0.6374821991115631,43.34
-1.6430745298723846,-0.6036176407841806,1.3044777261627334,33.34
-0.8739991899120573,-0.15918338124796397,-0.2766321440045362,25.0
0.004944055756888005,1.0180586507049805,0.11264237070193603,75.0
0.8289533485715243,-0.5984506032835233,-1.0587229107262617,33.33
-1.1486689541836028,0.804240782273824,-1.312886169901897,10.0
1.4332268299689241,-2.297202481012811,-1.6856664572820759,33.33
0.9937552071344515,-0.2534868095425931,-0.9124408281997174,33.33
-0.599329425640512,0.5851871882876218,1.572357882607519,43.34
1.2134910185516878,1.2126980086096981,-1.592895301604456,58.33
-0.599329425640512,-0.8288105354752897,-0.31958186786797005,25.0
0.7190854428629061,-1.4976727753232817,-1.3283009359355376,33.33
-0.15985780280603923,-0.2836467084130888,-0.6227634849520185,35.0
0.27961382002843344,-1.1288347065496425,0.16278615576654168,58.34
0.27961382002843344,-0.174466652793074,-0.7238198628760463,25.0
0.664151490008597,-0.035293725027639104,1.1005222172289373,66.67
0.9937552071344515,-1.3181928437884909,1.5534153298066657,66.67
1.1585570656973787,0.7575113062706306,-2.3027111036252172,43.33
-1.3684047656008391,-0.1824595092191381,-0.7063656579437331,0.0
-0.3246596613689665,1.0273086831753158,0.05009969119294877,60.0
-0.3246596613689665,-1.8320988343575644,1.1376782832212298,43.34
0.05987800861119709,-1.0230480370809993,-0.4732003914238102,50.0
-0.654263378494821,0.4762297899890605,-0.030504843048552076,35.0
-0.15985780280603923,-0.809883477316276,-1.1892658806218668,10.0
0.004944055756888005,-0.1896161916161587,-1.5725792067523146,25.0
-0.2697257085146574,-0.028106929737743112,1.463111125929035,53.34
0.7740193957172151,0.1258975322015578,-1.8694778397268428,43.33
0.004944055756888005,-0.6910795542997403,2.363401032977298,58.34
-1.5332066241637663,0.11713034628989173,0.7289698589310494,43.34
1.4881607828232333,-0.7936901413591252,0.6829191245727132,66.67
1.5430947356775424,0.6302873244144931,0.5763966969701884,76.67
0.8289533485715243,-0.14104493997160858,-0.26774963184426154,58.33
-0.7641312842034391,0.12275076101686484,0.38947134222924096,43.34
-1.5881405770180754,2.4831929553817984,-0.20272884194660679,50.0
0.11481196146550617,-1.1109330877801098,0.5535688424583955,58.34
0.8838873014258333,1.3284839122702459,-0.0445215142563517,83.33
-0.8739991899120573,-2.628181805835233,-0.9788842531656128,0.0
0.609217537154288,-2.060306218105649,-0.8975681900063768,33.33
-0.2697257085146574,-1.2414579112631354,-1.0134635343174974,10.0
-0.15985780280603923,-1.179769165354713,0.979464703891151,43.34
-0.21479175566034833,0.17031869210649087,-0.6395542274888856,45.0
0.7190854428629061,0.25451696716819516,-1.959211082936168,43.33
1.1036231128430696,-0.27786615127447,0.3943172825413743,66.67
-1.4782726713094572,-0.17528898421113098,1.533578980818294,33.34
0.11481196146550617,0.48707507544389095,0.7778272296870297,68.34
1.4881607828232333,0.7856470696823402,-0.6251584588764251,68.33
0.44441567859136066,-1.3254201043895697,-1.6276381368026218,25.0
0.22467986717412433,-0.3825217760668333,-0.14704535892638354,50.0
-0.48946151993189374,-0.09681108025243348,-0.17248303909919901,35.0
-0.21479175566034833,0.4455833944338582,-0.9980997085554834,20.0
0.8838873014258333,-0.7840362631856618,0.5514935528298988,66.67
0.7190854428629061,-0.11599980895365956,1.872101068062298,66.67
1.1036231128430696,0.0005173153881182777,0.21639059287439896,76.67
-0.10492384995173015,-0.7173768486606042,0.1533905753595996,35.0
0.11481196146550617,-0.7406842659015956,-0.9655107641507711,25.0
1.4881607828232333,0.06772909292171457,1.4142148208530614,76.67
0.004944055756888005,-0.15619656583716587,-0.08677971683871914,50.0
1.0486891599887607,0.4604030736273368,-0.6003277420637002,68.33
1.5430947356775424,-1.0583014022621118,0.05473375278916494,58.33
-0.654263378494821,-0.37156506967401637,0.4708905970132533,33.34
-0.04998989709742108,-0.25283824989324993,0.13171922296127858,35.0
-0.5443954727862028,0.7667236053450838,1.219260185396541,53.34
0.004944055756888005,-0.948000747447272,0.38120170042289636,58.34
-1.6430745298723846,0.20057107131551172,-0.29960932226111386,35.0
-0.8190652370577483,0.21826639783816057,0.3987549017231088,43.34
-0.43452756707758466,1.580485985930683,0.4991007944208338,68.34
0.49934963144566974,-1.013173016689018,-1.3315939155744851,25.0
-0.10492384995173015,-0.6712051011814125,1.1614309694491736,43.34
1.1585570656973787,-0.9450116052675135,-0.31689907739066253,58.33
1.378292877114615,-1.6609212967524138,-0.2908243067073436,58.33
-1.6430745298723846,1.6961086247195614,0.7557008533161397,58.34
0.3894817257370516,-1.2422996482832427,0.7514087790797906,58.34
0.7190854428629061,-0.8266906271452307,-0.72454949101473,33.33
-0.48946151993189374,1.2573099131531285,0.808221463778124,68.34
0.9388212542801424,-1.742370395555567,-0.5814551047151386,58.33
-0.04998989709742108,0.710507985114874,1.8445252015157019,53.34
0.7740193957172151,-1.4099554670955918,-0.8543712075662673,33.33
